{"cameraMode":{"drawMode":0,"name":"Shaded","section":"Shading Mode"},"sceneLighting":true,"audioPlay":false,"sceneViewState":{"showFog":true,"showMaterialUpdate":false,"showSkybox":true,"showFlares":true,"showImageEffects":true,"showParticleSystems":true,"showVisualEffectGraphs":true,"m_FxEnabled":true},"in2DMode":false,"pivot":{"x":5.3552069664001469,"y":3.2133712768554689,"z":-7.114982604980469},"rotation":{"x":-0.002334266435354948,"y":-0.9992653131484985,"z":-0.03714410588145256,"w":0.030183224007487298},"size":8.432380676269532,"orthographic":false}