{"cameraMode":{"drawMode":0,"name":"Shaded","section":"Shading Mode"},"sceneLighting":true,"audioPlay":false,"sceneViewState":{"showFog":true,"showMaterialUpdate":false,"showSkybox":true,"showFlares":true,"showImageEffects":true,"showParticleSystems":true,"showVisualEffectGraphs":true,"m_FxEnabled":true},"in2DMode":false,"pivot":{"x":0.44229960441589358,"y":-18.248205184936525,"z":14.233818054199219},"rotation":{"x":0.3965606391429901,"y":-0.09089686721563339,"z":0.039853911846876147,"w":0.9129729866981506},"size":15.271955490112305,"orthographic":false}